seller_id,seller_state,seller_city,total_orders,total_gmv,avg_lead_time,late_rate_pct,avg_review_score,bad_reviews,bad_review_rate_pct,seller_composite_score
1ca7077d890b907f89be8c954a02686a,SP,santana de parnaiba,108,12475.0,15.5,22.2,2.39,64.0,59.3,62.8
54965bbe3e4f07ae045b90b0b8541f52,PR,foz do iguacu,73,10352.0,26.1,30.1,3.14,28.0,38.4,66.4
a49928bcdf77c55c6d6e05e09a9b4ca5,SP,sao paulo,96,8647.0,16.8,26.0,3.03,39.0,40.6,67.3
ad781527c93d00d89a11eecd9dcad7c1,SP,sao jose do rio preto,38,6040.0,25.4,31.6,3.34,13.0,34.2,67.6
835f0f7810c76831d6c7d24c7a646d4d,SP,sao paulo,42,4990.0,18.0,31.0,3.36,13.0,31.0,68.1
2a1348e9addc1af5aaa619b1a3679d6b,MG,belo horizonte,48,2697.0,27.3,27.1,3.17,17.0,35.4,68.2
ede0c03645598cdfc63ca8237acbe73d,SP,ribeirao preto,43,2352.0,18.4,34.9,3.57,12.0,27.9,68.3
2eb70248d66e0e3ef83659f71b244378,SP,campinas,187,38991.0,17.9,13.9,2.79,87.0,46.5,71.0
712e6ed8aa4aa1fa65dab41fed5737e4,SC,videira,77,39385.0,24.6,22.1,3.39,27.0,35.1,72.9
602044f2c16190c2c6e45eb35c2e21cb,SP,ibitinga,48,3559.0,14.8,18.8,3.28,16.0,33.3,73.4
ef990a83bbea832f36ebe81376335aa8,SC,joinville,43,4643.0,17.0,25.6,3.63,11.0,25.6,73.5
bbad7e518d7af88a0897397ffdca1979,SP,sao paulo,68,4426.0,13.3,16.2,3.18,27.0,39.7,73.7
c60b801f2d52c7f7f91de00870882a75,SP,guarulhos,39,11297.0,16.0,20.5,3.44,11.0,28.2,74.1
cac4c8e7b1ca6252d8f20b2fc1a2e4af,SP,indaiatuba,74,4128.0,18.2,23.0,3.58,20.0,27.0,74.3
972d0f9cf61b499a4812cf0bfa3ad3c4,SC,brusque,81,7910.0,18.1,11.1,3.03,33.0,40.7,74.7
88460e8ebdecbfecb5f9601833981930,PR,maringa,246,31320.0,17.8,19.5,3.44,74.0,30.1,74.7
070d165398b553f3b4b851c216b8a358,SP,sao paulo,31,3333.0,12.1,16.1,3.37,10.0,32.3,75.6
5058e8c1e82653974541e83690655b4a,SP,itaquaquecetuba,62,9813.0,26.7,12.9,3.25,19.0,30.6,76.0
0b35c634521043bf4b47e21547b99ab5,PR,teixeira soares,50,13236.0,19.2,16.0,3.41,17.0,34.0,76.1
6039e27294dc75811c0d8a39069f52c0,SP,osasco,63,13501.0,17.9,22.2,3.73,12.0,19.0,76.2
99a54764c341d5dc80b4a8fac4eba3fb,SP,sao paulo,44,3579.0,7.6,20.5,3.67,9.0,20.5,76.5
71039d19d4303bf9054d69e9a9236699,SP,sao paulo,35,3537.0,13.8,22.9,3.8,7.0,20.0,76.6
beadbee30901a7f61d031b6b686095ad,SP,guarulhos,64,4374.0,14.0,25.0,3.91,12.0,18.8,76.6
ea566164622c6b439516ab18062c42cd,SP,sao  paulo,50,10309.0,13.9,22.0,3.78,12.0,24.0,76.8
66e0557ecc2b4dbea057e93f215f68d8,SP,sao paulo,30,12141.0,31.6,26.7,4.03,4.0,13.3,77.0
6fd52c528dcb38be2eea044946b811f8,SP,sao paulo,67,7743.0,21.5,13.4,3.39,24.0,35.8,77.2
0bf0150d5b9d60d9cd2906003332f085,SP,sao paulo,39,5775.0,14.1,20.5,3.79,8.0,20.5,77.6
8e6d7754bc7e0f22c96d255ebda59eba,SP,sao jose dos campos,84,14107.0,15.2,16.7,3.6,22.0,26.2,77.7
b2479f944e1b90cf8a5de1bbfde284d6,SP,ibitinga,101,4667.0,15.3,13.9,3.5,28.0,27.7,78.1
06a2c3af7b3aee5d69171b0e14f0ee87,MA,sao luis,389,36098.0,17.6,23.1,4.01,62.0,15.9,78.6
2a261b5b644fa05f4f2700eb93544f2c,SP,porto ferreira,51,5355.0,14.0,19.6,3.86,11.0,21.6,78.8
d20b021d3efdf267a402c402a48ea64b,SP,ibitinga,86,3922.0,17.0,17.4,3.75,17.0,19.8,78.8
dd55f1bb788714a40e7954c3be6df745,SP,sao paulo,35,7042.0,18.3,17.1,3.74,7.0,20.0,78.9
6973a06f484aacf400ece213dbf3d946,SP,sao jose dos campos,89,10419.0,14.8,16.9,3.75,19.0,21.3,79.1
3fd1e727ba94cfe122d165e176ce7967,SP,araraquara,35,2747.0,15.6,20.0,3.94,6.0,17.1,79.4
7c67e1448b00f6e969d365cea6b010ab,SP,itaquaquecetuba,973,186570.0,22.3,10.1,3.5,246.0,25.3,79.9
cee48807215b30a12ca2ca10ffb5f250,SP,guaruja,39,7212.0,23.6,15.4,3.77,9.0,23.1,80.0
d3f39f05462b79a4562d35893a28f159,SP,mococa,33,2363.0,11.8,12.1,3.61,11.0,33.3,80.0
3c03b12bab54d8b37d79d914bfdb1aa0,RJ,sao joao de meriti,37,4236.0,13.5,16.2,3.83,7.0,18.9,80.2
431af27f296bc6519d890aa5a05fdb11,SP,ribeirao preto,116,12975.0,17.2,15.5,3.8,27.0,23.3,80.2
8444e55c1f13cd5c179851e5ca5ebd00,MG,congonhal,92,21481.0,21.0,6.5,3.37,30.0,32.6,80.4
a7f13822ceb966b076af67121f87b063,SP,itaquaquecetuba,73,12018.0,22.8,6.8,3.4,20.0,27.4,80.6
002100f778ceb8431b7a1020ff7ab48f,SP,franca,50,1217.0,16.2,18.0,3.96,7.0,14.0,80.6
e5a3438891c0bfdb9394643f95273d8e,SP,limeira,216,7550.0,15.6,18.5,4.0,37.0,17.1,80.7
891071be6ba827b591264c90c2ae8a63,SP,sao paulo,85,3763.0,13.7,17.6,3.95,17.0,20.0,80.7
1835b56ce799e6a4dc4eddc053f04066,SP,ibitinga,417,33005.0,13.2,11.8,3.66,99.0,23.7,80.8
b17b679f4f5ce2e03ce6968c62648246,SP,ribeirao preto,50,3424.0,19.3,18.0,3.98,8.0,16.0,80.8
dd7ddc04e1b6c2c614352b383efe2d36,SP,sao paulo,121,9149.0,15.0,15.7,3.88,22.0,18.2,80.9
d93919c944be9cff128f6c9cb899eacb,SP,mombuca,33,2667.0,22.8,18.2,4.0,6.0,18.2,80.9
dc8798cbf453b7e0f98745e396cc5616,SP,sao paulo,35,1733.0,13.4,5.7,3.37,11.0,31.4,80.9
2d50d6282f8aa2257819a77bfaa0efe0,SP,ibitinga,42,3008.0,13.6,14.3,3.81,8.0,19.0,81.0
11bfa66332777660bd0640ee84d47006,SP,ribeirao preto,76,3926.0,16.5,15.8,3.89,17.0,22.4,81.1
cd68562d3f44870c08922d380acae552,SP,ribeirao preto,122,18120.0,16.2,18.0,4.02,20.0,16.4,81.1
897060da8b9a21f655304d50fd935913,SP,ribeirao preto,304,21741.0,14.9,11.8,3.71,70.0,23.0,81.2
8160255418d5aaa7dbdc9f4c64ebda44,SP,ibitinga,380,46368.0,16.2,16.6,3.95,64.0,16.8,81.3
f46490624488d3ff7ce78613913a7711,SP,guarulhos,80,5691.0,10.2,12.5,3.76,19.0,23.8,81.4
abe42c5d03695b4257b5c6cbf4e6784e,RJ,rio de janeiro,49,17000.0,14.3,16.3,3.96,8.0,16.3,81.4
75d34ebb1bd0bd7dde40dd507b8169c3,BA,salvador,57,12656.0,16.1,15.8,3.93,11.0,19.3,81.4
23613d49c3ac2bd302259e55c06c050c,SP,porto ferreira,69,4193.0,13.9,14.5,3.87,16.0,23.2,81.4
82e0a475a88cc9595229d8029273f045,SP,sao paulo,41,10748.0,16.0,9.8,3.63,12.0,29.3,81.5
855668e0971d4dfd7bef1b6a4133b41b,SP,itatiba,300,30849.0,16.2,14.0,3.85,61.0,20.3,81.5
7ad32824caee82087b3e2e5f33b1bf32,SP,ibitinga,147,22018.0,12.0,14.3,3.86,28.0,19.0,81.5
c31eff8334d6b3047ed34bebd4d62c36,SP,salto,120,12992.0,12.6,14.2,3.87,21.0,17.5,81.7
7040e82f899a04d1b434b795a43b4617,SP,sao paulo,208,9214.0,10.4,9.6,3.65,53.0,25.5,81.7
e2aee0892199b1d92530e371abd825bf,PR,rolandia,36,5393.0,15.4,13.9,3.89,8.0,22.2,81.9
fffd5413c0700ac820c7069d66d98c89,SP,amparo,57,8535.0,13.7,14.0,3.89,12.0,21.1,81.9
b14db04aa7881970e83ffa9426897925,SP,sorocaba,78,5596.0,16.0,11.5,3.77,13.0,16.7,82.0
710e3548e02bc1d2831dfc4f1b5b14d4,PR,rolandia,131,22369.0,14.4,4.6,3.43,40.0,30.5,82.0
f3da5b2ff499efb8d4a6d371d175d7dd,SP,sao paulo,77,3541.0,11.5,14.3,3.91,13.0,16.9,82.0
165fc07beebdcb6190fba8a06db2a449,PR,maringa,50,17481.0,12.8,12.0,3.8,11.0,22.0,82.0
2089a6d640999f9b9141ac719b2af596,SP,sao carlos,41,7676.0,19.5,14.6,3.93,10.0,24.4,82.0
e96498ed8daaa3e9c23f7a62da76591c,SP,sao paulo,34,9619.0,15.1,14.7,3.94,7.0,20.6,82.1
834f8533b2ecb6598dd004ff3de7203a,SP,sao paulo,41,4324.0,14.6,14.6,3.95,7.0,17.1,82.2
440dd6ab244315c632130ecfb63827b1,SP,votuporanga,91,13089.0,16.5,13.2,3.89,14.0,15.4,82.3
8b9d6eec4a7eb7d0f9d579ce0b38324d,RJ,mesquita,48,4160.0,10.3,16.7,4.06,8.0,16.7,82.3
5b179e9e8cc7ab6fd113a46ca584da81,SP,sao paulo,34,5174.0,13.0,8.8,3.67,7.0,20.6,82.3
50c9975695009e5e6473912e83a6d1da,MG,claudio,50,3964.0,16.4,14.0,3.94,9.0,18.0,82.4
a6fe7de3d16f6149ffe280349a8535a0,SP,franca,50,2845.0,14.9,16.0,4.04,8.0,16.0,82.4
6ec1a01e866584bb679eb9b098345919,SP,santos,30,3999.0,13.6,20.0,4.24,4.0,13.3,82.4
ff1fb4c404b2efe68b03350a8dc24122,SP,mogi das cruzes,46,6771.0,10.1,15.2,4.0,8.0,17.4,82.4
1ce3ae5a399804d1a87e706f8a813c3e,SC,jaguaruna,40,2563.0,14.4,10.0,3.75,8.0,20.0,82.5
b1fc4f64df5a0e8b6913ab38803c57a9,RJ,sao goncalo,107,7995.0,15.8,12.1,3.86,22.0,20.6,82.5
903037660cf848a717166eb7a06d616e,SP,sao paulo,44,7935.0,11.8,13.6,3.95,8.0,18.2,82.7
70a12e78e608ac31179aea7f8422044b,SP,jacarei,312,29964.0,14.7,10.9,3.81,61.0,19.6,82.7
dd533b429f380718b70ad9922c294bae,SP,barretos,39,2245.0,17.2,12.8,3.92,6.0,15.4,82.8
18a349e75d307f4b4cc646a691ed4216,SP,sao paulo,109,7425.0,11.1,6.4,3.6,29.0,26.6,82.8
db2956745b3a8e9f3785c99f34b5d25e,SP,sao sebastiao,45,8261.0,14.2,11.1,3.84,9.0,20.0,82.9
3c7c4a49ec3c6550809089c6a2ca9370,SP,sao paulo,139,4003.0,9.5,7.9,3.69,38.0,27.3,82.9
4a3ca9315b744ce9f8e9374361493884,SP,ibitinga,1772,196882.0,14.4,11.0,3.85,323.0,18.2,83.0
99002261c568a84cce14d43fcffb43ea,MT,cuiaba,36,4088.0,16.7,8.3,3.72,6.0,16.7,83.1
e62b2d6ac10570a035a30bafcf01d263,SP,sao paulo,62,5340.0,14.0,12.9,3.97,9.0,14.5,83.2
2c9e548be18521d1c43cde1c582c6de8,SP,mogi das cruzes,124,6014.0,13.6,16.1,4.13,16.0,12.9,83.2
adbc26658d6c7b4b6219f9d934598091,PR,curitiba,88,11806.0,17.1,15.9,4.13,14.0,15.9,83.3
f84a00e60c73a49e7e851c9bdca3a5bb,RJ,rio de janeiro,88,5849.0,11.7,11.4,3.9,17.0,19.3,83.3
23d7c96d4a1160db1c726b248601b25a,SP,capivari,50,10658.0,13.0,12.0,3.93,8.0,16.0,83.3
f7ccf836d21b2fb1de37564105216cc1,SP,ibitinga,69,2748.0,11.1,10.1,3.85,13.0,18.8,83.4
59b22a78efb79a4797979612b885db36,MG,uberlandia,125,27185.0,12.6,12.8,3.98,25.0,20.0,83.4
a888faf2d1baececa6baf9c3d603ee1f,PR,umuarama,53,17565.0,18.1,15.1,4.09,8.0,15.1,83.4
6fc26fe110feebd80a433e1f012a84f9,SP,fernandopolis,35,4151.0,12.8,11.4,3.91,5.0,14.3,83.4
bf84056e679dbe9c69929847a40e338f,SP,sao paulo,35,1918.0,12.5,8.6,3.77,6.0,17.1,83.4
04308b1ee57b6625f47df1d56f00eedf,SC,bombinhas,92,58992.0,18.9,12.0,3.95,18.0,19.6,83.5
1900267e848ceeba8fa32d80c1a5f5a8,SP,ibitinga,406,24640.0,13.1,10.3,3.87,75.0,18.5,83.5
d1c281d3ae149232351cd8c8cc885f0d,SP,ibitinga,214,26834.0,12.7,8.9,3.81,46.0,21.5,83.6
5343d0649eca2a983820bfe93fc4d17e,SP,santo andre,70,9819.0,11.2,10.0,3.87,16.0,22.9,83.7
522620dcb18a6b31cd7bdf73665113a9,PR,cascavel,172,56690.0,15.4,10.5,3.91,32.0,18.6,83.8
ea67327e24487bdfac5fbfa37ea124df,SP,ibitinga,32,6250.0,8.7,3.1,3.53,8.0,25.0,83.8
1da366cade6d8276e7d8beea7af5d4bf,MG,uba,42,6349.0,17.5,11.9,3.98,7.0,16.7,83.8
d5ba419e26d246a0719437cf37d9b46d,SP,sao paulo,33,3912.0,9.8,12.1,4.0,5.0,15.2,83.9
213b25e6f54661939f11710a6fddb871,SP,salto,152,15106.0,15.2,8.6,3.81,31.0,20.4,83.9
8f2ce03f928b567e3d56181ae20ae952,SP,pirituba,151,21213.0,14.3,15.2,4.15,18.0,11.9,83.9
e9d99831abad74458942f21e16f33f92,SP,sao paulo,130,4922.0,12.8,10.8,3.93,21.0,16.2,83.9
b18dc380845b24038cfc48006478f099,SP,diadema,43,7754.0,12.8,16.3,4.21,4.0,9.3,84.0
c8467937e403e76a8ee9f0ab13f6f5ef,MG,pocos de caldas,30,1854.0,16.9,13.3,4.07,4.0,13.3,84.0
95f83f51203c626648c875dd41874c7f,MG,borda da mata,50,3078.0,11.6,6.0,3.7,14.0,28.0,84.0
d673a59aac7a70d8b01e6902bf090a11,SP,ibitinga,79,3909.0,14.1,10.1,3.91,12.0,15.2,84.1
7d76b645482be4a332374e8223836592,SP,sao paulo,172,3766.0,13.5,11.6,4.0,24.0,14.0,84.2
3df020b72d3d44b3af9d110fa3940b65,SP,jales,55,5040.0,13.3,12.7,4.05,8.0,14.5,84.2
7d13fca15225358621be4086e1eb0964,SP,ribeirao preto,558,112436.0,15.7,12.2,4.04,95.0,17.0,84.3
4e922959ae960d389249c378d1c939f5,SP,jacarei,412,45338.0,14.5,10.7,3.96,74.0,18.0,84.3
318f287a62ab7ac10b703ac37435a231,SP,sao paulo,51,2432.0,11.5,9.8,3.92,10.0,19.6,84.3
05f51e13da97139648b8125c31e5f51b,MG,belo horizonte,57,13100.0,12.4,15.8,4.23,8.0,14.0,84.4
ec8879960bd2221d5c32f8e12f7da711,SP,itatiba,35,3958.0,16.3,17.1,4.29,4.0,11.4,84.4
d05ae8f7a5bd1d2a690a44cd079e4e27,RJ,rio de janeiro,77,13244.0,11.2,9.1,3.89,16.0,20.8,84.4
99eaacc9e6046db1c82b163c5f84869f,SP,franca,63,12642.0,15.0,11.1,4.0,11.0,17.5,84.4
8b28d096634035667e8263d57ba3368c,SP,sao jose dos campos,139,9025.0,14.0,11.5,4.01,20.0,14.4,84.4
cfb1a033743668a192316f3c6d1d2671,SP,votorantim,143,12610.0,12.1,11.9,4.04,23.0,16.1,84.4
f7ba60f8c3f99e7ee4042fdef03b70c4,SP,sao bernardo do campo,218,68070.0,13.3,15.6,4.22,23.0,10.6,84.4
0dd184061fb0eaa7ca37932c68ab91c5,SP,guarulhos,161,18447.0,11.7,11.8,4.03,22.0,13.7,84.4
7aa4334be125fcdd2ba64b3180029f14,SP,laranjal paulista,214,16013.0,15.9,13.6,4.13,30.0,14.0,84.5
2e90cb1677d35cfe24eef47d441b7c87,SP,sao paulo,127,13895.0,12.4,13.4,4.12,18.0,14.2,84.5
34056b8b55c1775a22af2331670a799c,SP,penapolis,77,6399.0,12.8,11.7,4.04,11.0,14.3,84.5
688756f717c462a206ad854c5027a64a,SP,guarulhos,81,5838.0,10.7,8.6,3.89,14.0,17.3,84.6
4a3ccda38b2129705f3fb522db62ca31,SP,marilia,64,16169.0,13.3,9.4,3.93,13.0,20.3,84.6
0cbcee27c791afa0cdcb08587a2013a8,MG,tres coracoes,37,5054.0,12.7,10.8,4.0,5.0,13.5,84.6
4c2b230173bb36f9b240f2b8ac11786e,SP,sao paulo,258,14475.0,12.8,10.1,3.98,46.0,17.8,84.7
4c18691b6037662be2df78a765d98ab5,SP,sao paulo,63,3196.0,9.2,7.9,3.87,11.0,17.5,84.8
06579cb253ecd5a3a12a9e6eb6bf8f47,SP,sao paulo - sp,61,4587.0,9.9,13.1,4.13,9.0,14.8,84.8
25c5c91f63607446a97b143d2d535d31,MG,itauna,156,54209.0,14.4,7.1,3.83,30.0,19.2,84.8
dc4a0fc896dc34b0d5bfec8438291c80,SP,ibitinga,225,23656.0,13.8,6.7,3.82,46.0,20.4,84.8
a673821011d0cec28146ea42f5ab767f,SP,sao paulo,125,13366.0,12.9,11.2,4.04,19.0,15.2,84.8
3ab971ce71839580d2ae5b4e40fe8044,SP,sao paulo,35,4917.0,6.8,8.6,3.91,7.0,20.0,84.8
c3867b4666c7d76867627c2f7fb22e21,SP,guara,228,34667.0,15.3,11.8,4.08,35.0,15.4,84.9
d2374cbcbb3ca4ab1086534108cc3ab7,SP,ibitinga,514,20926.0,14.6,5.8,3.78,99.0,19.3,84.9
5f2684dab12e59f83bef73ae57724e45,SP,sao paulo,67,8871.0,10.6,6.0,3.79,16.0,23.9,84.9
a3e9a2c700480d9bb01fba070ba80a0e,SP,ibitinga,129,13372.0,13.1,10.1,4.0,21.0,16.3,85.0
2745f798279e0ed033addcc1474776d7,SP,sao paulo,32,3669.0,13.2,9.4,3.97,4.0,12.5,85.0
66dc1b1632bd6a3e508510c5b3492107,SP,jau,36,3542.0,10.2,2.8,3.64,9.0,25.0,85.0
1025f0e2d44d7041d6cf58b6550e0bfa,SP,sao paulo,910,138209.0,12.3,10.1,4.01,151.0,16.6,85.0
cd06602b43d8800bd0afad514919d35c,SP,sao paulo,43,2555.0,12.7,4.7,3.74,11.0,25.6,85.1
a420f60ff1aa9acc80d0e42959f2b313,SP,sao paulo,67,7443.0,11.4,9.0,3.95,10.0,14.9,85.1
ea8482cd71df3c1969d7b9473ff13abc,SP,sao paulo,1132,36697.0,13.2,10.4,4.03,164.0,14.5,85.1
5656537e588803a555b8eb41f07a944b,DF,brasilia,171,7931.0,11.2,7.6,3.89,32.0,18.7,85.1
36a968b544695394e4e9d7572688598f,SP,santos,148,6864.0,10.7,4.7,3.75,31.0,20.9,85.2
8e8a7ce9f2f970dc00e2acf6f6e199f6,RJ,sao goncalo,63,8821.0,12.1,9.5,4.0,8.0,12.7,85.2
e5a38146df062edaf55c38afa99e42dc,SP,sao paulo,120,15271.0,12.1,9.2,3.98,20.0,16.7,85.2
900ba814c251a692506d7834c1218441,SP,salto,86,28833.0,12.4,14.0,4.23,7.0,8.1,85.3
391fc6631aebcf3004804e51b40bcf1e,SP,ibitinga,521,39475.0,14.4,10.4,4.05,76.0,14.6,85.3
ef506c96320abeedfb894c34db06f478,SP,sao paulo,316,9556.0,13.5,8.5,3.96,51.0,16.1,85.3
e9bc59e7b60fc3063eb2290deda4cced,PR,maringa,209,33544.0,14.2,11.0,4.08,30.0,14.4,85.3
1336efc61c316ddf92c899eb817f7cae,SP,assis,74,4837.0,11.7,9.5,4.0,11.0,14.9,85.3
048c2757535328e0d7dac690ad3c0aae,SP,franca,50,9065.0,18.4,14.0,4.24,7.0,14.0,85.4
7e1fb0a3ebfb01ffb3a7dae98bf3238d,SP,franca,155,26170.0,15.5,12.9,4.19,16.0,10.3,85.4
09f952a5f58d2285b0372551ae8f9b01,SP,sao bernardo do campo,50,11822.0,13.2,6.0,3.84,9.0,18.0,85.4
229c3efbfb0ea2058de4ccdfbc3d784a,MG,belo horizonte,118,15479.0,10.7,1.7,3.62,30.0,25.4,85.4
7681ef142fd2c19048da7430856b5588,SP,guarulhos,58,31212.0,10.5,13.8,4.23,7.0,12.1,85.4
276677b5d08786d5dce7c2149dcce48b,MG,belo horizonte,31,3424.0,12.0,9.7,4.03,6.0,19.4,85.5
16090f2ca825584b5a147ab24aa30c86,SP,atibaia,398,25579.0,9.1,10.8,4.09,52.0,13.1,85.5
634964b17796e64304cadf1ad3050fb7,RJ,rio de janeiro,265,39114.0,14.5,10.2,4.06,40.0,15.1,85.5
3f3486b61f45078d4f31ee5e43d8c5bb,SP,sao paulo,39,3770.0,13.8,15.4,4.33,3.0,7.7,85.6
1d8dbc4f32378d715c717c1c1fc57bae,PR,arapongas,91,11206.0,15.6,9.9,4.06,13.0,14.3,85.6
f27e33c6d29b5138fa9967bcd445b6d5,SP,sao paulo,93,8888.0,12.0,10.8,4.1,15.0,16.1,85.6
b33e7c55446eabf8fe1a42d037ac7d6d,SP,pradopolis,149,44215.0,16.2,12.8,4.2,19.0,12.8,85.6
7e3f87d16fb353f408d467e74fbd8014,SP,sao paulo,91,4653.0,12.5,12.1,4.16,10.0,11.0,85.6
77530e9772f57a62c906e1c21538ab82,PR,curitiba,312,45677.0,15.0,11.5,4.15,46.0,14.7,85.7
0176f73cc1195f367f7b32db1e5b3aa8,SP,ibitinga,37,4643.0,13.3,10.8,4.11,6.0,16.2,85.7
e8f6dc8e6a1dcde89d20e3995c8d90b3,SP,sao paulo,35,2149.0,12.8,8.6,4.0,5.0,14.3,85.7
f457c46070d02cadd8a68551231220dd,PR,maringa,195,18798.0,14.5,6.2,3.87,39.0,20.0,85.7
4869f7a5dfa277a7dca6462dcf3b52b2,SP,guariba,1124,226988.0,15.0,11.6,4.15,146.0,13.0,85.7
44073f8b7e41514de3b7815dd0237f4f,DF,brasilia,142,18381.0,13.1,3.5,3.74,29.0,20.4,85.7
f84fa566034f5e8e880a07ec624c56af,SP,indaiatuba,89,4994.0,11.8,13.5,4.25,10.0,11.2,85.7
8b321bb669392f5163d04c59e235e066,SP,sao paulo,930,17263.0,12.6,10.4,4.1,131.0,14.1,85.8
63b464dbf392c7b80d12d932fa7cafed,SP,sao paulo,36,6622.0,13.0,5.6,3.86,6.0,16.7,85.8
a416b6a846a11724393025641d4edd5e,SP,sao paulo,157,24930.0,12.5,12.7,4.22,22.0,14.0,85.8
3be634553519fb6536a03e1358e9fdc7,SP,sao paulo,80,5231.0,10.1,8.8,4.03,12.0,15.0,85.9
23c38debaffe4a25a30fdbd9b586a13f,SP,votorantim,41,5382.0,11.5,14.6,4.32,1.0,2.4,85.9
6a0cbc8af2e8abd1bdfb777943d174c6,SP,batatais,34,3788.0,15.4,8.8,4.03,4.0,11.8,85.9
f45122a9ab94eb4f3f8953578bc0c560,SP,piracicaba,184,21765.0,12.7,7.6,3.97,32.0,17.4,85.9
b499c00f28f4b7069ff6550af8c1348a,SP,limeira,147,10162.0,11.2,12.9,4.23,15.0,10.2,85.9
dd2bdf855a9172734fbc3744021ae9b9,MG,belo horizonte,105,10607.0,15.3,5.7,3.87,18.0,17.1,85.9
cca3071e3e9bb7d12640c9fbe2301306,SP,ibitinga,699,63035.0,14.2,5.9,3.88,130.0,18.6,85.9
7ddcbb64b5bc1ef36ca8c151f6ec77df,SP,sao paulo,325,54436.0,12.6,8.6,4.03,48.0,14.8,86.0
37515688008a7a40ac93e3b2e4ab203f,SP,dracena,227,5954.0,15.1,10.1,4.1,23.0,10.1,86.0
ececbfcff9804a2d6b40f589df8eef2b,SP,franca,97,6714.0,13.1,10.3,4.11,13.0,13.4,86.0
aae3bfea055532c57fb453ed3ec80b30,SP,santo andre,48,3058.0,12.5,0.0,3.6,10.0,20.8,86.0
2a6fbeaa7ab9e5d59a35841a8da71ce4,SC,jaragua do sul,30,1633.0,14.4,6.7,3.93,5.0,16.7,86.0
4992e76a42cb3aad7a7047e0d3d7e729,SP,sao paulo,56,2171.0,7.6,7.1,3.96,9.0,16.1,86.1
3db66a856d18a9cba7c9241fc5221c50,MG,ponte nova,94,9478.0,15.9,11.7,4.19,10.0,10.6,86.1
20cb7c2fde3e5bf10f0bbe7394e1c6a9,PR,andira-pr,31,845.0,12.4,9.7,4.1,4.0,12.9,86.1
1f50f920176fa81dab994f9023523100,SP,sao jose do rio preto,1399,106656.0,15.7,10.6,4.14,195.0,13.9,86.1
0d85bbda9889ce1f7e63778d24f346eb,MG,uberlandia,51,4845.0,15.7,11.8,4.2,6.0,11.8,86.1
8648b1e89e9b349e32d3741b30ec737e,SP,jacarei,93,7229.0,8.9,10.8,4.16,13.0,14.0,86.2
6860153b69cc696d5dcfe1cdaaafcf62,SP,capivari,74,3828.0,10.1,9.5,4.1,11.0,14.9,86.2
f4aba7c0bca51484c30ab7bdc34bcdd1,SP,sao paulo,108,2952.0,11.1,6.5,3.94,17.0,15.7,86.2
5b8154610ebb21fb90eb587365e673df,SP,sao jose dos campos,37,9048.0,13.0,10.8,4.16,5.0,13.5,86.2
92eb0f42c21942b6552362b9b114707d,SP,sao paulo,334,6416.0,13.7,8.1,4.02,47.0,14.1,86.2
c33847515fa6305ce6feb1e818569f13,SC,brusque,114,15520.0,9.2,4.4,3.85,24.0,21.1,86.3
b74d1c09cb380e1d03a6f859c6f4224b,RJ,rio de janeiro,30,2175.0,10.8,13.3,4.3,3.0,10.0,86.3
729f06993dac8e860d4f02d7088ca48a,SP,limeira,94,19885.0,11.7,11.7,4.22,10.0,10.6,86.3
c9c7905cffc4ef9ff9f113554423e671,SP,itapecerica da serra,127,10657.0,11.0,10.2,4.14,14.0,11.0,86.3
7142540dd4c91e2237acb7e911c4eba2,SP,penapolis,316,37182.0,14.7,8.2,4.05,43.0,13.6,86.4
b561927807645834b59ef0d16ba55a24,SP,sao paulo,85,4502.0,12.5,14.1,4.34,8.0,9.4,86.4
9c0e69c7bf2619675bbadf47b43f655a,SP,sao jose dos campos,151,32720.0,14.5,10.6,4.17,16.0,10.6,86.4
406822777a0b9eb5c50e442dd4cd3ec5,SP,tatui,44,3548.0,13.3,13.6,4.33,4.0,9.1,86.4
b4a476fbd28de64b1e347abf9089366a,SP,itapevi,30,4479.0,12.7,10.0,4.14,3.0,10.0,86.4
4c498c7345e89aebad651544829beca0,SP,carapicuiba,47,4570.0,10.7,12.8,4.28,4.0,8.5,86.4
c826c40d7b19f62a09e2d7c5e7295ee2,SP,guarulhos,346,44653.0,13.2,9.5,4.13,49.0,14.2,86.5
14d7985702e72162bbf13b6beb74ab2b,SP,santo andre,37,3887.0,10.9,13.5,4.32,3.0,8.1,86.5
56642bcb79900e777d68e91915cb4267,SP,sao paulo,48,3658.0,12.5,8.3,4.06,7.0,14.6,86.5
ed4acab38528488b65a9a9c603ff024a,SP,sao paulo,31,12648.0,9.8,3.2,3.81,6.0,19.4,86.5
5d0363b33554b373851fc1622e4d5f3c,SP,atibaia,93,6549.0,12.4,8.6,4.08,11.0,11.8,86.5
6f892e20a171e98efe17fdb971ff319b,SP,sao paulo,41,6049.0,17.3,9.8,4.15,4.0,9.8,86.6
701938c450705b8ae65fc923b70f35c7,SP,s jose do rio preto,74,11879.0,13.0,6.8,4.0,9.0,12.2,86.6
6d66611d7c44cc30ce351abc49a68421,SP,sao paulo,164,13429.0,11.9,6.1,3.97,25.0,15.2,86.6
6560211a19b47992c3666cc44a7e94c0,SP,sao paulo,1819,120703.0,9.6,6.4,3.98,290.0,15.9,86.6
6b3bd31ad8fcda4b2635ec9f3ff2ecdf,RJ,rio de janeiro,35,4064.0,13.1,8.6,4.09,6.0,17.1,86.6
056b4ada5bbc2c50cc7842547dda6b51,RJ,queimados,64,12203.0,12.7,10.9,4.21,8.0,12.5,86.6
2bf6a2c1e71bbd29a4ad64e6d3c3629f,RJ,nova friburgo,30,50629.0,13.6,10.0,4.17,4.0,13.3,86.7
81f89e42267213cb94da7ddc301651da,SP,presidente prudente,46,3955.0,7.4,0.0,3.67,10.0,21.7,86.7
93dc87703c046b603023e75222018b45,MG,belo horizonte,33,8149.0,20.0,9.1,4.13,3.0,9.1,86.7
8e6cc767478edae941d9bd9eb778d77a,MG,araguari,100,5929.0,16.6,8.0,4.07,15.0,15.0,86.7
ba143b05f0110f0dc71ad71b4466ce92,SP,sao paulo,83,5999.0,10.2,15.7,4.46,7.0,8.4,86.7
76d5af76d0271110f9af36c92573f765,SP,sao paulo,128,31945.0,11.9,9.4,4.13,18.0,14.1,86.7
3c4e0452bff7a2a788179488d3d77032,PR,colombo,32,3746.0,13.8,3.1,3.84,6.0,18.8,86.8
9e6229250fedbe05838fef417b74e7fb,SP,mirandopolis,73,12962.0,11.8,4.1,3.89,11.0,15.1,86.8
0ed6ce5d87fd9c69eaacaeb778d67235,SP,americana,42,2027.0,15.9,14.3,4.39,2.0,4.8,86.8
5c6d4016c2a288f074fa0848a2b653d2,SP,sao paulo,31,3100.0,10.5,9.7,4.16,4.0,12.9,86.8
aac29b1b99776be73c3049939652091d,MG,uberlandia,94,6564.0,14.9,9.6,4.17,9.0,9.6,86.9
e067ad2c1c0b48758eb1b5228bcf7a68,SP,santos,54,5043.0,14.9,9.3,4.15,6.0,11.1,86.9
7202e2ba20579a9bd1acb29e61fe71f6,SP,franca,51,12086.0,13.3,5.9,3.98,8.0,15.7,86.9
6a8b085f816a1f75f92dbac6eb545f8f,SP,bebedouro,125,5884.0,14.6,9.6,4.17,12.0,9.6,86.9
2138ccb85b11a4ec1e37afbd1c8eda1f,SP,sao paulo,388,12089.0,11.3,5.4,3.96,64.0,16.5,86.9
8d956fec2e4337affcb520f56fd8cbfd,SP,sao bernardo do campo,210,10988.0,9.3,10.5,4.21,20.0,9.5,86.9
ce248b21cb2adc36282ede306b7660e5,SC,jaragua do sul,64,13560.0,15.6,10.9,4.23,8.0,12.5,86.9
609e1a9a6c2539919b8205cf7c4e6ff0,SC,brusque,87,6595.0,10.1,2.3,3.81,18.0,20.7,87.0
f262cbc1c910c83959f849465454ddd3,SP,sao paulo,189,10200.0,9.1,9.5,4.18,26.0,13.8,87.0
5dceca129747e92ff8ef7a997dc4f8ca,SP,santa barbara d´oeste,322,111127.0,11.6,6.2,4.01,61.0,18.9,87.0
98dac6635aee4995d501a3972e047414,SP,sao paulo,89,4116.0,9.6,9.0,4.15,16.0,18.0,87.0
b39d7fe263ef469605dbb32608aee0af,SP,ibitinga,43,5063.0,13.2,4.7,3.93,6.0,14.0,87.0
382229d1e840115ffe3dbf5ff460e417,RJ,rio de janeiro,45,4037.0,9.2,11.1,4.27,5.0,11.1,87.1
0be8ff43f22e456b4e0371b2245e4d01,SP,sao paulo,156,11336.0,10.3,6.4,4.03,27.0,17.3,87.1
218d46b86c1881d022bce9c68a7d4b15,SP,ribeirao preto,382,53710.0,13.8,9.4,4.19,46.0,12.0,87.1
c847e075301870dd144a116762eaff9a,MG,uberaba,41,15249.0,17.0,9.8,4.2,6.0,14.6,87.1
2a7dc43cecabf23403078e2188437d1d,SP,sao paulo,52,4796.0,13.0,7.7,4.1,6.0,11.5,87.1
2528513dd95219a6013d4d05176e391a,SP,osasco,160,32660.0,10.6,5.0,3.97,27.0,16.9,87.2
ce7d1888639e6fb06b2749cbfdac1ff7,MG,baependi,78,11794.0,14.5,9.0,4.17,13.0,16.7,87.2
001cca7ae9ae17fb1caed9dfb1094831,ES,cariacica,195,24487.0,13.4,6.7,4.06,27.0,13.8,87.3
f0b47fbbc6dee9aafe415a6e33051b3f,SP,maua,67,3767.0,10.1,10.4,4.25,8.0,11.9,87.3
c8b0e2b0a7095e5d8219575d5e7e1181,SP,itaquaquecetuba,84,12170.0,10.1,7.1,4.08,12.0,14.3,87.3
3b15288545f8928d3e65a8f949a28291,SP,ibitinga,101,13765.0,14.4,6.9,4.08,12.0,11.9,87.3
1c68394e931a64f90ea236c5ea590300,PR,sarandi,142,24833.0,16.0,3.5,3.9,23.0,16.2,87.3
48436dade18ac8b2bce089ec2a041202,SP,volta redonda,134,11821.0,14.3,7.5,4.1,17.0,12.7,87.3
0ffa40d54288e4f3499b8780dd0f144f,SP,presidente prudente,33,2163.0,13.4,15.2,4.48,3.0,9.1,87.3
951e8cef368f09bb3f3d03c00ca4702c,SP,ibitinga,62,3993.0,9.4,8.1,4.13,8.0,12.9,87.3
f5a590cf36251cf1162ea35bef76fe84,SP,sao bernardo do campo,113,51233.0,11.7,10.6,4.27,12.0,10.6,87.4
11305281b50fff20ae8bb473f8e11876,MG,uba,35,6529.0,13.6,11.4,4.31,3.0,8.6,87.4
5d3bb11474a06bdc23fb9e89f1164ee0,SP,assis,31,3655.0,9.7,3.2,3.9,5.0,16.1,87.4
1eade46fba20122dc4aefb379f8c636b,SP,sao paulo,58,3635.0,12.4,13.8,4.43,5.0,8.6,87.4
b56906f7fd1696e043f1bcce164c487b,SP,echapora,40,2148.0,12.8,5.0,4.0,8.0,20.0,87.5
79ebd9a61bac3eaf882805ed4ecfa12a,PR,cascavel,133,14783.0,15.3,6.0,4.05,18.0,13.5,87.5
b2ba3715d723d245138f291a6fe42594,SP,sao paulo,324,49302.0,14.0,9.0,4.2,38.0,11.7,87.5
004c9cd9d87a3c30c522c48c4fc07416,SP,ibitinga,156,19570.0,14.8,8.3,4.16,18.0,11.5,87.5
96493fab2fbb13a14d0c0e8772eef5c3,SP,sao paulo,63,18969.0,13.4,6.3,4.06,9.0,14.3,87.5
e59aa562b9f8076dd550fcddf0e73491,PR,curitiba,69,30716.0,14.0,10.1,4.26,7.0,10.1,87.5
f62d7bb4a613ec758a03342d46b580b2,MG,vicosa,32,24665.0,13.9,12.5,4.38,2.0,6.3,87.5
e24fc9fcd865784fb25705606fe3dfe7,SP,braganca paulista,51,12768.0,12.5,7.8,4.16,6.0,11.8,87.6
0adac9fbd9a2b63cccaac4f8756c1ca8,SP,louveira,106,15558.0,13.0,6.6,4.09,13.0,12.3,87.6
e8b3a3a38279a82f0e5d006d5e5b7d2c,PR,jussara,80,11762.0,17.2,5.0,4.01,13.0,16.3,87.6
d13e50eaa47b4cbe9eb81465865d8cfc,SP,santo andre,66,7073.0,5.0,21.2,4.82,2.0,3.0,87.6
cbd996ad3c1b7dc71fd0e5f5df9087e2,SP,sao jose do rio preto,160,8218.0,12.8,8.8,4.21,18.0,11.3,87.7
bd0389da23d89b726abf911cccc54596,DF,brasilia,87,7472.0,13.5,8.0,4.17,10.0,11.5,87.7
ad420dd0c4f92f8af951ac24b86d0cf5,MG,fronteira,42,4705.0,15.0,7.1,4.13,6.0,14.3,87.7
a17f621c590ea0fab3d5d883e1630ec6,SP,sorocaba,63,2678.0,11.5,7.9,4.16,9.0,14.3,87.7
70c27847eca8195c983ed7e798c56743,RJ,rio de janeiro,77,12078.0,11.1,9.1,4.23,14.0,18.2,87.8
32b8764b4ef628b53608fc34011fcc13,SC,lages,36,8884.0,11.2,8.3,4.19,2.0,5.6,87.8
643214e62b870443ccbe55ab29a4dccf,SP,sao paulo,65,3229.0,9.5,12.3,4.4,3.0,4.6,87.8
827f8f69dfa529c561901c4f2e0f332f,PR,curitiba,91,3408.0,13.7,9.9,4.29,10.0,11.0,87.9
7a241947449cc45dbfda4f9d0798d9d0,MG,jacutinga,56,7435.0,13.2,7.1,4.15,6.0,10.7,87.9
45d33f715e24d15a6ccf5c17b3a23e3c,SP,sorocaba,56,4518.0,11.5,7.1,4.14,6.0,10.7,87.9
8a32e327fe2c1b3511609d81aaf9f042,SP,sao paulo,126,6101.0,8.9,3.2,3.94,20.0,15.9,87.9
813348c996469b40f2e028d5429d3495,SP,jundiai,172,10814.0,10.1,5.2,4.07,25.0,14.5,88.0
432c37c9dfba871172ec162e20118b8c,DF,brasilia,44,2680.0,14.6,9.1,4.25,5.0,11.4,88.0
de23c3b98a88888289c6f5cc1209054a,SP,sao paulo,161,25934.0,10.8,9.9,4.29,17.0,10.6,88.0
da8622b14eb17ae2831f4ac5b9dab84a,SP,piracicaba,1311,159817.0,11.1,7.6,4.18,154.0,11.7,88.0
e38db885400cd35c71dfd162f2c1dbcf,DF,brasilia,30,2067.0,12.7,13.3,4.47,2.0,6.7,88.0
0c8380b62e38e8a1e6adbeba7eb9688c,MG,tres coracoes,180,17229.0,13.0,5.6,4.07,24.0,13.3,88.0
e8b4225284fbb02d16f200513f1f395d,SP,novo horizonte,30,5639.0,10.2,10.0,4.3,1.0,3.3,88.0
620c87c171fb2a6dd6e8bb4dec959fc6,RJ,petropolis,722,112461.0,12.9,10.0,4.31,80.0,11.1,88.1
955fee9216a65b617aa5c0531780ce60,SP,sao paulo,1261,131837.0,10.7,7.8,4.2,128.0,10.2,88.1
dfa0c4c6229ab200a4a1336b4d7128ff,SC,florianopolis,77,4777.0,9.7,3.9,4.0,14.0,18.2,88.1
8581055ce74af1daba164fdbd55a40de,SP,guarulhos,379,63894.0,13.1,10.0,4.31,36.0,9.5,88.1
fcb5ace8bcc92f75707dc0f01a27d269,SP,guarulhos,59,8009.0,10.5,3.4,3.98,8.0,13.6,88.1
7178f9f4dd81dcef02f62acdf8151e01,SC,videira,202,36795.0,15.6,5.0,4.06,29.0,14.4,88.1
d91fb3b7d041e83b64a00a3edfb37e4f,SP,praia grande,524,39926.0,11.2,6.3,4.14,70.0,13.4,88.2
870d0118f7a9d85960f29ad89d5d989a,MG,pocos de caldas,45,3157.0,14.4,4.4,4.04,4.0,8.9,88.2
4559697a8f7e637227c2eeaed843baff,SP,presidente prudente,39,3486.0,12.9,7.7,4.21,5.0,12.8,88.2
7ea5bfa6c340f58f8e71fc1f0412b0d6,MG,belo horizonte,96,10838.0,12.9,7.3,4.19,9.0,9.4,88.2
00fc707aaaad2d31347cf883cd2dfe10,PR,maringa,103,12685.0,15.0,4.9,4.06,16.0,15.5,88.2
17e34d8224d27a541263c4c64b11a56b,SP,riberao preto,247,54440.0,14.2,8.5,4.25,27.0,10.9,88.3
48162d548f5b1b11b9d29d1e01f75a61,SP,piracicaba,66,20109.0,11.6,3.0,3.98,11.0,16.7,88.3
1f9ab4708f3056ede07124aad39a2554,SP,tupa,76,13313.0,14.5,5.3,4.09,6.0,7.9,88.3
45ba18c210d42734ec52c0c1c574e9ee,SP,sao roque,35,5099.0,7.4,5.7,4.11,5.0,14.3,88.3
c9aafcd0621b2207c10e32c649cada4d,SP,sao paulo,40,2671.0,8.7,10.0,4.33,4.0,10.0,88.3
fd386aa7bed2af3c7035c65506c9b4a3,SP,sao paulo,69,2304.0,8.5,10.1,4.35,10.0,14.5,88.4
751bdc4d83a466c7206cd42e8f426b03,SP,ribeirao pires,51,6521.0,10.8,2.0,3.94,11.0,21.6,88.4
232a6014e7b10cba61c6c2b2ea6bb4b0,SP,cafelandia,32,3820.0,13.7,6.3,4.16,4.0,12.5,88.4
cc419e0650a3c5ba77189a1882b7556a,SP,santo andre,1651,101091.0,11.5,6.1,4.15,210.0,12.7,88.5
00ee68308b45bc5e2660cd833c3f81cc,SP,sao paulo,135,20260.0,9.5,8.9,4.3,15.0,11.1,88.5
17a053fcb14bd219540cbde0df490be0,SP,mogi guacu,124,40353.0,12.2,8.1,4.25,12.0,9.7,88.5
0b90b6df587eb83608a64ea8b390cf07,PR,maringa,163,28493.0,14.4,3.7,4.03,27.0,16.6,88.5
53e4c6e0f4312d4d2107a8c9cddf45cd,SP,pedreira,463,29588.0,12.0,5.4,4.13,59.0,12.7,88.6
fa1c13f2614d7b5c4749cbc52fecda94,SP,sumare,578,190917.0,13.3,10.2,4.37,55.0,9.5,88.6
8cbac7e12637ed9cffa18c7875207478,SC,jaragua do sul,66,2956.0,13.9,6.1,4.17,7.0,10.6,88.6
41b39e28db005d9731d9d485a83b4c38,SP,santo andre,187,16307.0,12.3,6.4,4.18,23.0,12.3,88.6
05d2173d43ea568aa0540eba70d2ca76,MG,alfenas,62,5760.0,14.9,6.5,4.18,7.0,11.3,88.6
daeb5653dd96c1b11860f72209795012,MG,belo horizonte,38,1864.0,11.6,7.9,4.25,4.0,10.5,88.6
95e03ca3d4146e4011985981aeb959b9,RJ,rio de janeiro,172,10865.0,12.4,3.5,4.03,23.0,13.4,88.6
fdb9095204a334cd8872252ffec6f2db,SP,sao paulo,46,8156.0,8.7,6.5,4.18,6.0,13.0,88.6
b335c59ab742f751a85db9c411a86739,MG,araguari,30,2494.0,16.1,3.3,4.03,2.0,6.7,88.7
994f04b3718c2bab35c2adfa8afecd2a,SP,jaguariuna,47,3290.0,14.0,8.5,4.3,2.0,4.3,88.7
ca3bd7cd9f149df75950150d010fe4a2,SP,sao paulo,68,9253.0,13.6,4.4,4.09,10.0,14.7,88.7
dc317f341ab0e22f39acbd9dbf9b4a1f,RS,cachoeirinha,55,18988.0,12.4,5.5,4.15,9.0,16.4,88.7
624f4ece8da4aafb77699233d480f8ef,SP,sao paulo,52,9046.0,13.5,7.7,4.25,6.0,11.5,88.7
06e5eefc71ec47ae763c5c6f8db7064f,RS,porto alegre,90,21649.0,10.8,2.2,3.98,12.0,13.3,88.7
01cf7e3d21494c41fb86034f2e714fa1,PR,francisco beltrao,59,9440.0,11.8,5.1,4.12,7.0,11.9,88.7
1da3aeb70d7989d1e6d9b0e887f97c23,SP,sao paulo,261,8692.0,8.5,5.7,4.17,32.0,12.3,88.8
5a8e7d5003a1f221f9e1d6e411de7c23,SP,campinas,137,11042.0,10.2,5.8,4.17,17.0,12.4,88.8
c013e57c075a06e5b5c48ee03c525719,SP,sao carlos,42,1972.0,9.2,7.1,4.24,4.0,9.5,88.8
4830e40640734fc1c52cd21127c341d4,SP,sao paulo,204,9490.0,9.9,6.9,4.23,21.0,10.3,88.8
138dbe45fc62f1e244378131a6801526,SP,sao paulo,49,1126.0,6.4,4.1,4.08,8.0,16.3,88.8
54a1852d1b8f10312c55e906355666ee,SP,santa barbara d'oeste,198,17056.0,11.4,9.6,4.36,16.0,8.1,88.8
f214d28e8d8e3ef068748498ccc2f813,SP,sao paulo,52,2152.0,10.4,7.7,4.27,5.0,9.6,88.9
d50d79cb34e38265a8649c383dcffd48,SP,sao paulo,70,13012.0,13.2,7.1,4.25,6.0,8.6,88.9
bd23da7354813347129d751591d1a6e2,SP,sao paulo,86,9705.0,9.8,4.7,4.12,13.0,15.1,88.9
f80edd2c5aaa505cc4b0a3b219abf4b8,SP,sao paulo,116,8856.0,12.0,5.2,4.15,16.0,13.8,88.9
cb3dd9ce66268c7a3ca7241ac70ab58c,SP,sao paulo,48,2788.0,13.9,6.3,4.2,6.0,12.5,88.9
17f51e7198701186712e53a39c564617,SP,sao paulo,56,48019.0,23.3,8.9,4.34,5.0,8.9,88.9
aba1721a889e04decc910aa13b768ef4,SP,sao paulo,83,14103.0,9.3,10.8,4.45,8.0,9.6,89.0
b2ac621f0d0322434d04a12b078b9369,PR,curitiba,30,9576.0,14.6,10.0,4.4,2.0,6.7,89.0
ceaec5548eefc6e23e6607c5435102e7,SP,sao paulo,198,51478.0,13.0,6.1,4.2,22.0,11.1,89.0
e9779976487b77c6d4ac45f75ec7afe9,SP,praia grande,645,42230.0,9.8,7.3,4.26,68.0,10.5,89.0
2e1c9f22be269ef4643f826c9e650a52,SP,sao paulo,161,12170.0,9.7,6.8,4.24,18.0,11.2,89.0
0c7533c71df861ec58ad7ff999ed0e8d,SP,valinhos,61,2989.0,10.7,4.9,4.15,9.0,14.8,89.0
128639473a139ac0f3e5f5ade55873a5,PR,maringa,527,11796.0,14.2,6.3,4.21,55.0,10.4,89.0
3d871de0142ce09b7081e2b9d1733cb1,SP,campo limpo paulista,1064,93407.0,13.4,5.9,4.19,110.0,10.3,89.0
4e17c65a516f69d023a2ae78b84f28d6,SP,suzano,61,7639.0,13.3,6.6,4.23,11.0,18.0,89.0
822166ed1e47908f7cfb49946d03c726,RJ,tres rios,69,3715.0,12.7,1.4,3.99,13.0,18.8,89.1
b32be1695eb7ec5f10f72d9610a12527,RS,caxias do sul,44,26575.0,12.2,4.5,4.14,5.0,11.4,89.1
062ce95fa2ad4dfaedfc79260130565f,RS,lajeado,54,7479.0,13.6,3.7,4.09,5.0,9.3,89.1
6d803cb79cc31c41c4c789a75933b3c7,SP,sao joaquim da barra,58,8711.0,13.1,6.9,4.25,5.0,8.6,89.1
aaed1309374718fdd995ee4c58c9dfcd,SC,timbo,104,9345.0,12.2,2.9,4.06,14.0,13.5,89.1
b94cc9f10ddc85e4ba73a6f7974e7101,RJ,macae,39,25346.0,10.5,7.7,4.3,5.0,12.8,89.1
3340ef1913fb70d28420f6ceb685c339,PR,maringa,32,6731.0,16.7,9.4,4.38,2.0,6.3,89.1
f181738b150df1f37cb0bd72e705b193,SP,carapicuiba,36,5530.0,9.2,11.1,4.47,2.0,5.6,89.2
9b013e03b2ab786505a1d3b5c0756754,SP,vicente de carvalho,170,8715.0,8.5,5.9,4.22,21.0,12.4,89.2
7b0df942f46435babab05d49b744b2c4,SP,braganca paulista,32,22601.0,11.0,9.4,4.39,2.0,6.3,89.2
f789d2c4f2c2eb38fc4373e7a4b35264,MG,juiz de fora,44,4864.0,10.9,4.5,4.16,6.0,13.6,89.3
8a432f4e5b471f8da497d7dc517666e2,SP,presidente prudente,95,7555.0,7.8,5.3,4.19,12.0,12.6,89.3
9674754b5a0cb32b638cec001178f799,SP,sao paulo,84,4942.0,8.3,3.6,4.11,13.0,15.5,89.3
17ca9b9e9b9ef8fdb529001b49ebb50f,MG,betim,115,9650.0,8.1,2.6,4.07,16.0,13.9,89.4
33576ec5412fb5905d876f12f33bfde6,PR,curitiba,31,2718.0,14.7,3.2,4.1,3.0,9.7,89.4
1b4c3a6f53068f0b6944d2d005c9fc89,SC,sao ludgero,111,14420.0,14.5,6.3,4.25,11.0,9.9,89.4
78c99c6dff4eeae5be99bf635ed21e3f,SP,marilia,31,2031.0,13.4,9.7,4.42,3.0,9.7,89.4
ccc4bbb5f32a6ab2b7066a4130f114e3,PR,curitiba,184,72927.0,15.8,7.6,4.32,20.0,10.9,89.4
f00e21b1e91a79653163b7fd8f293ff1,SP,andradas,31,3900.0,13.0,3.2,4.1,4.0,12.9,89.4
b839e41795b7f3ad94cc2014a52f6796,SP,sao caetano do sul,33,42829.0,6.6,3.0,4.09,6.0,18.2,89.4
066a6914e1ebf3ea95a216c73a986b91,PR,foz do iguacu,66,8956.0,13.3,3.0,4.09,8.0,12.1,89.4
fe2032dab1a61af8794248c8196565c9,SP,campinas,293,65690.0,10.7,8.9,4.39,28.0,9.6,89.4
537eb890efff034a88679788b647c564,RJ,rio de janeiro,158,4618.0,9.1,5.7,4.24,14.0,8.9,89.5
c70c1b0d8ca86052f45a432a38b73958,SP,hortolandia,260,36289.0,8.0,8.5,4.37,23.0,8.8,89.5
7dc8c42cc750eeafea6c85712ffee9bf,SP,sao paulo,41,6410.0,9.1,4.9,4.2,5.0,12.2,89.5
46dc3b2cc0980fb8ec44634e21d2718e,RJ,rio de janeiro,503,122811.0,11.9,6.6,4.27,55.0,10.9,89.5
d6b1ce66b035a475f00c017792ff9769,SP,salto,92,12277.0,10.1,6.5,4.28,7.0,7.6,89.5
59fb871bf6f4522a87ba567b42dafecf,SP,sao paulo,123,21179.0,12.0,6.5,4.28,9.0,7.3,89.5
6c177e38df6d3f34182b1f1d427231bf,PR,curitiba,53,8113.0,14.4,3.8,4.15,7.0,13.2,89.6
4e06067cc08b3f41d837768d392c3ee3,MG,betim,31,942.0,10.4,3.2,4.13,6.0,19.4,89.7
dfc5fb7259bb2b599ca565e6e9448f0f,SP,sao bernardo do campo,33,6125.0,13.2,3.0,4.12,3.0,9.1,89.7
527801b552d0077ffd170872eb49683b,SP,garca,90,17943.0,13.1,10.0,4.47,7.0,7.8,89.7
72c5da29406b4234927b81855e7b64f6,SP,guarulhos,31,11799.0,10.7,3.2,4.13,4.0,12.9,89.7
4e7c18b98d84e05cbae3ff0ff03846c2,SP,jaboticabal,81,9039.0,12.1,4.9,4.21,14.0,17.3,89.7
4b9750c8ad28220fe6702d4ecb7c898f,SP,limeira,217,15815.0,9.4,7.8,4.36,15.0,6.9,89.7
26d8a1c7c75d513045798992ead43aa2,PR,apucarana,34,5937.0,12.6,8.8,4.41,3.0,8.8,89.7
850f4f8af5ea87287ac68de36e29107f,SP,sao paulo,186,45285.0,10.1,6.5,4.3,17.0,9.1,89.7
966cb4760537b1404caedd472cc610a5,SP,diadema,67,45928.0,10.0,3.0,4.12,8.0,11.9,89.7
ef0ace09169ac090589d85746e3e036f,RJ,sao goncalo,128,16105.0,12.8,8.6,4.4,10.0,7.8,89.7
1c129092bf23f28a5930387c980c0dfc,SP,sao paulo,200,9529.0,11.7,5.5,4.25,23.0,11.5,89.8
640e21a7d01df7614a3b4923e990d40c,SP,ibitinga,115,7529.0,10.2,7.0,4.33,9.0,7.8,89.8
53243585a1d6dc2643021fd1853d8905,BA,lauro de freitas,348,217940.0,13.3,4.3,4.19,36.0,10.3,89.8
7a67c85e85bb2ce8582c35f2203ad736,SP,sao paulo,1145,139659.0,11.2,5.9,4.27,112.0,9.8,89.8
db4350fd57ae30082dec7acbaacc17f9,SP,sao paulo,136,3304.0,10.8,3.7,4.16,16.0,11.8,89.8
1554a68530182680ad5c8b042c3ab563,MG,monte siao,246,28980.0,14.2,6.9,4.33,25.0,10.2,89.9
4d6d651bd7684af3fffabd5f08d12e5a,SP,jau,363,42999.0,13.0,4.7,4.22,43.0,11.8,89.9
5c243662ce92d84573bfaff24c3e3700,SP,sao paulo,98,32862.0,10.9,3.1,4.14,10.0,10.2,89.9
a1043bafd471dff536d0c462352beb48,MG,ilicinea,702,99309.0,13.6,5.7,4.28,66.0,9.4,89.9
1a3df491d1c4f1589fc2b934ada68bf2,SC,joinville,160,22472.0,14.8,5.6,4.27,15.0,9.4,89.9
3bdff180c7e1f6551a643b99c265a120,SP,sao paulo,56,3008.0,10.0,5.4,4.25,5.0,8.9,89.9
01fd077212124329bac32490e8ef80d9,SP,ribeirao preto / sao paulo,31,1208.0,8.0,3.2,4.16,5.0,16.1,90.0
a2e874074c877c5a05abae80ad6e488f,SP,sao jose do rio preto,40,7355.0,19.2,5.0,4.25,3.0,7.5,90.0
4917cee8d902e13428c3ec4b1ca6f315,SC,blumenau,31,5104.0,18.1,3.2,4.16,4.0,12.9,90.0
b92e3c8f9738272ff7c59e111e108d7c,MG,uba,62,8231.0,16.7,3.2,4.16,11.0,17.7,90.0
4c03b9dd4c11ee2cb35c96c49efc9420,SP,campo limpo paulista,48,6459.0,10.5,2.1,4.11,7.0,14.6,90.0
40d54b51e962dbe09cabbcfd33298dee,SP,santo andre,30,6786.0,7.3,0.0,4.0,6.0,20.0,90.0
96804ea39d96eb908e7c3afdb671bb9e,MG,ibia,37,3531.0,12.9,2.7,4.14,5.0,13.5,90.0
cd6efc47efaabf134f8bdb654e10b4f1,RJ,rio de janeiro,31,4159.0,8.5,9.7,4.48,2.0,6.5,90.0
974cf2cb8f4b7add98709c30df02fe10,SP,araraquara,30,2695.0,11.2,3.3,4.17,3.0,10.0,90.0
f7720c4fa8e3aba4546301ab80ea1f1b,PR,curitiba,59,2044.0,10.9,5.1,4.26,4.0,6.8,90.1
f8db351d8c4c4c22c6835c19a46f01b0,SP,salto,659,50083.0,9.8,5.2,4.27,63.0,9.6,90.1
8f119a0aee85c0c8fc534629734e94fd,SP,barueri,75,3579.0,10.0,5.3,4.28,6.0,8.0,90.1
d94a40fd42351c259927028d163af842,MG,baependi,100,13675.0,13.9,4.0,4.21,10.0,10.0,90.1
aced59e9b31ef866a94f9e7f29d8d418,SP,sao paulo,61,7269.0,9.6,8.2,4.43,4.0,6.6,90.2
58f1a6197ed863543e0136bdedb3fce2,MG,conselheiro lafaiete,42,6555.0,10.3,2.4,4.14,6.0,14.3,90.2
d650b663c3b5f6fb392b6326366efa9a,SP,cotia,57,18336.0,9.7,7.0,4.37,4.0,7.0,90.2
0db783cfcd3b73998abc6e10e59a102f,SP,santos,132,9077.0,11.6,3.8,4.21,17.0,12.9,90.2
3c487ae8f8d7542beff5788e2e0aea83,DF,gama,30,9386.0,13.6,3.3,4.2,3.0,10.0,90.3
08633c14ef2db992c11f840f04fad4cd,SP,ribeirao pires,74,7644.0,9.9,6.8,4.36,5.0,6.8,90.3
7008613ea464bad5cb9b83456e1e6a8f,SC,canoinhas,123,7539.0,14.5,4.9,4.28,9.0,7.3,90.3
94144541854e298c2d976cb893b81343,RS,viamao,68,17286.0,12.9,4.4,4.25,8.0,11.8,90.3
70eea00b476a314817cefde4aad4f89a,SP,itatiba,106,31425.0,13.3,7.5,4.41,7.0,6.6,90.3
6481e96574816ead57975da2c0f6d80d,SP,sorocaba,32,3325.0,6.9,3.1,4.19,3.0,9.4,90.3
3078096983cf766a32a06257648502d1,SP,scao jose do rio pardo,56,7911.0,11.9,5.4,4.3,6.0,10.7,90.4
0ef83d7d83ed97cd2a0049ac8be5f88a,PR,curitiba,48,4421.0,9.5,2.1,4.15,9.0,18.8,90.4
85d9eb9ddc5d00ca9336a2219c97bb13,MG,belo horizonte,499,15107.0,14.6,3.6,4.22,46.0,9.2,90.4
81a1104df0f08b59c68aa5b03cfe398e,PR,sao jose dos pinhais,72,9321.0,12.8,5.6,4.31,5.0,6.9,90.4
e333046ce6517bd8bb510291d44f0130,SP,ipaussu,68,7268.0,10.1,5.9,4.34,6.0,8.8,90.4
ebd2d60905fb58271facef5596b620d3,SP,lencois paulista,82,7713.0,12.9,3.7,4.23,8.0,9.8,90.5
edb1ef5e36e0c8cd84eb3c9b003e486d,RJ,teresopolis,165,79145.0,11.8,7.9,4.44,12.0,7.3,90.5
670c26e0f1bf8d0576271d5cfaec6d2b,PR,maringa,77,6250.0,14.2,5.2,4.31,6.0,7.8,90.5
669ae81880e08f269a64487cfb287169,SC,rio do sul,161,13134.0,12.2,4.3,4.26,19.0,11.8,90.5
562fc2f2c2863ab7e79a9e4388a58a14,SP,campinas,255,8659.0,11.2,3.5,4.23,25.0,9.8,90.5
1127b7f2594683f2510f1c2c834a486b,SP,campinas,110,6670.0,9.3,2.7,4.19,16.0,14.5,90.5
058fd0aa2bfdb2274e05e1ae971dabb6,SP,santo andre,60,7550.0,10.1,6.7,4.38,6.0,10.0,90.5
afe0067131b73e40875c9b6c10bd2e21,MG,lagoa da prata,45,5041.0,15.4,4.4,4.27,4.0,8.9,90.5
05ff92fedb5be47920fea08e501238b9,RS,santo angelo,57,21236.0,12.3,5.3,4.32,3.0,5.3,90.5
113e3a788b935f48aad63e1c41dac1bd,SP,aparecida,39,847.0,13.2,5.1,4.32,2.0,5.1,90.6
240b9776d844d37535668549a396af32,RJ,niteroi,35,13332.0,11.3,5.7,4.34,3.0,8.6,90.6
b76dba6c951ab00dc4edf0a1aa88037e,SP,sao paulo,157,2545.0,10.4,3.2,4.22,16.0,10.2,90.6
715bbd5ba4e6b74cb0d2f29eb45058b0,SP,serra negra,62,4043.0,11.8,8.1,4.47,4.0,6.5,90.6
0241d4d5d36f10f80c644447315af0bd,PR,curitiba,238,31398.0,10.9,5.9,4.35,25.0,10.5,90.6
bba74270a87732727b5a3b4fd9ac1c39,MG,betim,35,5965.0,9.6,0.0,4.06,5.0,14.3,90.6
86ccac0b835037332a596a33b6949ee1,SC,blumenau,178,15894.0,12.0,3.4,4.23,21.0,11.8,90.6
bfd27a966d91cfaafdb25d076585f0da,SP,serra negra,114,19225.0,12.4,5.3,4.32,12.0,10.5,90.6
01fdefa7697d26ad920e9e0346d4bd1b,PR,londrina,128,14803.0,10.7,6.3,4.38,7.0,5.5,90.7
0691148aee60ca47977c187804f935ae,PR,londrina,47,5869.0,11.9,2.1,4.18,7.0,14.9,90.7
76d64c4aca3a7baf218bf93ef7fa768d,PR,curitiba,64,16912.0,10.9,3.1,4.23,9.0,14.1,90.7
e0a366315b1b726b6c7832d664c0f530,SP,sao paulo,43,7400.0,7.9,4.7,4.3,6.0,14.0,90.7
e63e8bfa530fb16910dd6956e592bb81,SP,guarulhos,41,1283.0,9.2,4.9,4.32,4.0,9.8,90.7
7d456afc660226829370f3173d14520c,SP,mogi das cruzes,55,8118.0,8.4,5.5,4.35,5.0,9.1,90.7
ce27a3cc3c8cc1ea79d11e561e9bebb6,SP,sao paulo,122,9465.0,10.1,2.5,4.19,13.0,10.7,90.7
582d4f8675b945722eda7c0cb61ba4c7,SP,bertioga,59,4703.0,11.1,1.7,4.15,9.0,15.3,90.7
7722b1df1b0e383e000397b2c11e3e19,SP,sao bernardo do campo,133,7047.0,8.3,3.0,4.23,15.0,11.3,90.8
dbb9b48c841a0e39e21f98e1a6b2ec3e,SP,sao paulo,108,7187.0,9.8,3.7,4.27,12.0,11.1,90.8
4371b634e0efc0e22b09b52907d9d469,SP,sao paulo,101,8168.0,11.1,7.9,4.48,7.0,6.9,90.8
83deb69e889cf80f82be1dc6d5f2d486,SC,florianopolis,40,5363.0,16.0,5.0,4.33,6.0,15.0,90.8
55a5b51f93f2b70ea513f5a047b0262a,MG,sao joao del rei,39,4002.0,13.7,7.7,4.46,2.0,5.1,90.8
7e93a43ef30c4f03f38b393420bc753a,SP,barueri,319,165981.0,11.3,5.6,4.36,26.0,8.2,90.8
e26901d5ab434ce92fd9b5c256820a4e,SP,maua,197,11602.0,9.3,2.5,4.2,20.0,10.2,90.8
6b243f80ed07b10f0e8aa0f21a205f3c,PR,curitiba,79,6260.0,11.1,3.8,4.27,8.0,10.1,90.8
de722cd6dad950a92b7d4f82673f8833,PE,recife,337,55126.0,12.6,4.5,4.3,31.0,9.2,90.8
cc63f0dd2acba93ffed4fe9f8e0321fa,SP,sao jose do rio preto,55,7097.0,8.9,0.0,4.09,5.0,9.1,90.9
8a130737016f838139d31878787a39c9,SP,sao paulo,56,4222.0,10.1,7.1,4.45,3.0,5.4,90.9
42b729f859728f5079499127a9c2ef37,SP,sao paulo,103,4097.0,7.8,7.8,4.48,7.0,6.8,90.9
efcd8d2104f1a05d028af7bad20d974b,SP,aracatuba,46,2385.0,10.0,2.2,4.2,4.0,8.7,90.9
abcd2cb37d46c2c8fb1bf071c859fc5b,MT,cuiaba,44,4817.0,13.9,4.5,4.32,1.0,2.3,90.9
3f995f07c49d0d55a99d5c54957f7d81,SP,itapecerica da serra,43,3956.0,9.5,2.3,4.21,4.0,9.3,90.9
02f623a8eb246f3c5f7c2f96462654e6,SP,botucatu,44,6378.0,8.4,9.1,4.56,2.0,4.5,91.0
6edacfd9f9074789dad6d62ba7950b9c,SP,guarulhos,205,12966.0,9.1,5.9,4.39,17.0,8.3,91.0
5f1dc28029d2c244352a68107ec2b542,SP,sao paulo,62,2807.0,9.5,6.5,4.43,4.0,6.5,91.0
9add47bf45ce8e8c7db6b9cf670b1e09,PR,fazenda rio grande,41,4606.0,12.2,2.4,4.22,3.0,7.3,91.0
dee656f0f566ed1aa85bd137c943f08f,SP,cruzeiro,92,6212.0,12.6,5.4,4.37,7.0,7.6,91.0
1d4587203296c8f4ad134dc286fa6db0,SP,sao paulo,40,2287.0,9.3,5.0,4.35,4.0,10.0,91.0
fa1a9dec3a9940c072684a46728bf1fc,SC,icara,55,6674.0,14.3,0.0,4.11,7.0,12.7,91.1
750303a20e9c56b2a6bc45cdce0b897d,GO,goiania,53,7876.0,14.0,3.8,4.3,5.0,9.4,91.1
282f23a9769b2690c5dda22e316f9941,MG,belo horizonte,98,6464.0,11.1,5.1,4.37,4.0,4.1,91.1
9f505651f4a6abe901a56cdc21508025,SP,sao paulo,393,25913.0,8.0,5.1,4.37,37.0,9.4,91.1
3d8fa2f5b647373c8620330c4e077a9f,SP,sao paulo,42,3502.0,9.0,2.4,4.23,5.0,11.9,91.1
66922902710d126a0e7d26b0e3805106,MG,belo horizonte,150,14267.0,11.2,7.3,4.5,8.0,5.3,91.3
c003204e1ab016dfa150abc119207b24,SP,cajamar,195,24904.0,9.6,6.7,4.47,9.0,4.6,91.3
1838dd9b8977065acf51d95e0053ea7a,MG,belo horizonte,62,2751.0,12.7,4.8,4.37,7.0,11.3,91.3
0509040ea3fe50071181bbc359eb7738,MG,belo horizonte,87,3689.0,11.5,6.9,4.48,1.0,1.1,91.3
87142160b41353c4e5fca2360caf6f92,RS,porto alegre,305,31096.0,10.9,5.6,4.41,19.0,6.2,91.3
8bd0f31cf0a614c658f6763bd02dea69,SP,sao paulo,33,4455.0,10.0,3.0,4.28,3.0,9.1,91.3
fad44952713764836814be105382aee5,RJ,rio de janeiro,32,5129.0,10.7,3.1,4.28,2.0,6.3,91.3
25cf099de44674fde97473224f9d59ab,SP,cotia,50,1654.0,9.3,4.0,4.33,5.0,10.0,91.3
1b8356dabde1d35e17cef975c3f82730,SP,sao paulo,55,3366.0,10.5,1.8,4.22,5.0,9.1,91.3
6b90f847357d8981edd79a1eb1bf0acb,SP,guarulhos,45,3322.0,5.5,4.4,4.36,3.0,6.7,91.3
520b493b57809f446cb0a233bb3e25c7,SP,santos,63,3699.0,7.7,3.2,4.29,6.0,9.5,91.3
80e6699fe29150b372a0c8a1ebf7dcc8,PR,pinhais,96,11120.0,11.5,4.2,4.34,8.0,8.3,91.3
30a2f535bb48308f991d0b9ad4a8c4bb,SP,santa barbara d'oeste,71,4731.0,8.2,2.8,4.28,9.0,12.7,91.4
b4ffb71f0cb1b1c3d63fad021ecf93e1,SP,sao paulo,143,6636.0,10.0,2.1,4.25,14.0,9.8,91.4
65febd49fd28ec955651299159b1f527,SP,sao paulo,33,4137.0,6.6,6.1,4.45,3.0,9.1,91.5
ff063b022a9a0aab91bad2c9088760b7,SP,santo andre,94,12077.0,9.3,3.2,4.31,8.0,8.5,91.5
1e8b33f18b4f7598d87f5cbee2282cc2,SP,sao paulo,122,17234.0,7.7,4.9,4.4,13.0,10.7,91.5
1caf283236cd69af44cbc09a0a1e7d32,RJ,nova iguacu,33,918.0,13.7,9.1,4.61,2.0,6.1,91.5
729b2d09b2a0bdab221076327f13d050,SP,mineiros do tiete,48,1805.0,12.5,8.3,4.56,2.0,4.2,91.5
20d83f3ef0e6925fd74bfd59170babf7,SP,sao paulo,40,2904.0,9.0,5.0,4.4,3.0,7.5,91.5
25e6ffe976bd75618accfe16cefcbd0d,SP,sao paulo,106,11553.0,10.1,5.7,4.44,8.0,7.5,91.6
a3a38f4affed601eb87a97788c949667,SC,joinville,251,26295.0,12.5,4.8,4.4,20.0,8.0,91.6
ba90964cff9b9e0e6f32b23b82465f7b,SP,guarulhos,38,44213.0,10.0,5.3,4.42,2.0,5.3,91.6
aafe36600ce604f205b86b5084d3d767,SC,sao jose,129,9251.0,12.5,4.7,4.4,12.0,9.3,91.7
381c83fdca332ea6afd896da20bf6e4a,PR,curitiba,46,7356.0,12.6,4.3,4.39,4.0,8.7,91.7
fa40cc5b934574b62717c68f3d678b6d,SP,sao paulo,304,15900.0,11.3,6.3,4.48,22.0,7.2,91.7
75fbb52eda0cbc24f479d3b2fbfa8d3e,GO,goiania,38,1094.0,13.6,5.3,4.45,3.0,7.9,91.8
b1a81260566c1bac3114a6d124413f27,RS,carazinho,51,8685.0,8.5,2.0,4.27,7.0,13.7,91.8
7299e27ed73d2ad986de7f7c77d919fa,MG,araguari,335,34107.0,11.3,4.8,4.43,22.0,6.6,91.9
37be5a7c751166fbc5f8ccba4119e043,SP,sao paulo,269,54736.0,10.6,2.6,4.32,24.0,8.9,91.9
31344c16881c08a8a72c6d2eb29918c1,MG,uba,42,9366.0,15.7,4.8,4.43,4.0,9.5,91.9
dbc22125167c298ef99da25668e1011f,MG,borda da mata,394,32829.0,11.4,2.5,4.32,30.0,7.6,91.9
bacb1f0ed56ad24198f5810d2b3fe9a5,SP,jacarei,38,6078.0,9.8,2.6,4.32,3.0,7.9,91.9
43f8c9950d11ecd03a0304a49e010da6,SP,carapicuiba,41,4250.0,11.4,7.3,4.56,1.0,2.4,92.0
b6d44737c043328708f6749c2dbe50bd,SP,santo andre,61,5285.0,8.2,6.6,4.52,5.0,8.2,92.0
7b07b3c7487f0ea825fc6df75abd658b,SP,sao paulo,91,9259.0,9.6,4.4,4.42,9.0,9.9,92.0
3bb548e3cb7f70f28e3f11ee9dce0e59,PR,maringa,46,7690.0,10.8,0.0,4.2,6.0,13.0,92.0
f3b80352b986ab4d1057a4b724be19d0,DF,brasilia,86,9815.0,10.4,0.0,4.21,10.0,11.6,92.1
b8bc237ba3788b23da09c0f1f3a3288c,SC,itajai,45,13686.0,11.6,2.2,4.32,3.0,6.7,92.1
42bde9fef835393bb8a8849cb6b7f245,DF,brasilia,34,7574.0,10.2,2.9,4.35,2.0,5.9,92.1
dbd66278cbfe1aa1000f90a217ca4695,SP,sao paulo,85,4929.0,9.1,5.9,4.51,2.0,2.4,92.1
febab0275244b9a49a623f0bd613ca2f,SP,pedreira,106,7095.0,8.6,4.7,4.44,8.0,7.5,92.1
33ac3e28642ab8bda860a2f693000e78,SP,cotia,34,3661.0,8.7,0.0,4.21,4.0,11.8,92.1
cab85505710c7cb9b720bceb52b01cee,SP,sao paulo,201,11125.0,10.0,2.5,4.33,13.0,6.5,92.1
5160d23075764e18e07c1f4a87fad743,SP,sao bernardo do campo,33,2359.0,9.1,3.0,4.36,3.0,9.1,92.1
f680f85bee2d253556ac91be391d2c82,SP,carapicuiba,45,5184.0,9.6,2.2,4.33,3.0,6.7,92.2
2a84855fd20af891be03bc5924d2b453,MG,belo horizonte,155,14989.0,8.5,3.2,4.38,12.0,7.7,92.2
9b00ed88b7fdb95d6ff76e27c1b52d16,SP,sao paulo,46,1568.0,9.3,6.5,4.54,3.0,6.5,92.2
d98eec89afa3380e14463da2aabaea72,RS,porto alegre,168,6969.0,8.5,2.4,4.34,13.0,7.7,92.2
c6bda72e4dbf5c5866b13cb1810c6d03,SP,sao paulo,59,14059.0,10.1,3.4,4.4,5.0,8.5,92.3
91f848e9f4be368f4318775aac733370,SP,sao paulo,60,5669.0,10.0,3.3,4.4,3.0,5.0,92.3
834f3294fba9f932f56edc879193f925,SP,araraquara,66,39908.0,14.2,6.1,4.55,3.0,4.5,92.4
d9bd94811c3338dceb4181f3dbc0c73e,SP,sao paulo,54,6911.0,8.0,11.1,4.8,2.0,3.7,92.4
2ff97219cb8622eaf3cd89b7d9c09824,SP,salto,87,4339.0,8.9,5.7,4.54,3.0,3.4,92.5
1bb2bdb95f4841f1bba2c0d2cd83d3c9,SP,sao paulo,79,4906.0,12.4,7.6,4.63,3.0,3.8,92.5
259f7b5e6e482c230e5bfaa670b6bb8f,SP,poa,136,8393.0,8.7,2.2,4.36,13.0,9.6,92.5
eeb6de78f79159600292e314a77cbd18,SC,lages,82,43511.0,12.2,3.7,4.44,5.0,6.1,92.6
0bae85eb84b9fb3bd773911e89288d54,SP,itajai,136,7434.0,10.2,0.7,4.29,9.0,6.6,92.6
cb8bcce248bb1fb274ba762d8b971456,MG,santa rita do sapucai,66,9152.0,12.6,1.5,4.33,3.0,4.5,92.6
d57e18d5f73c7ccb7f7339b61166898d,SP,sao paulo,61,3188.0,9.1,3.3,4.43,5.0,8.2,92.6
cce6ab8d1682639fe45ab70234f1665f,SP,curitiba,61,2443.0,15.3,4.9,4.51,3.0,4.9,92.6
c8b3445d737de6befde0c88ede534a5e,SP,sao paulo,30,3149.0,11.5,3.3,4.43,2.0,6.7,92.7
3586b8580d9c917874e053a1bb37b5ff,SP,araraquara,36,1525.0,13.5,2.8,4.42,2.0,5.6,92.8
d23019c84ffae2d5ef2270367b8605fc,PR,londrina,39,29205.0,11.2,2.6,4.41,2.0,5.1,92.8
5cbbd5a299cab112b7bf23862255e43e,PR,pinhais,36,2726.0,10.7,0.0,4.28,4.0,11.1,92.8
5b925e1d006e9476d738aa200751b73b,SP,sao paulo,63,7749.0,10.8,6.3,4.6,3.0,4.8,92.9
530ec6109d11eaaf87999465c6afee01,PR,cascavel,94,12682.0,10.8,1.1,4.34,8.0,8.5,92.9
8bb48dc19fccaa8613b6229bf7f452a2,SP,assis,82,4191.0,11.5,2.4,4.41,7.0,8.5,92.9
d12c926d74ceff0a90a21184466ce161,SP,sao paulo,76,3850.0,8.7,1.3,4.36,5.0,6.6,92.9
5f3ae9136c875522250f8184f253413a,SP,sao paulo,42,1143.0,7.8,7.1,4.64,1.0,2.4,92.9
cc5a78bbad32776dc4e3af205218368c,MG,divinopolis,33,4269.0,8.1,3.0,4.45,3.0,9.1,93.0
9646c3513289980f17226a2fc4720dbd,SP,sao jose dos campos,69,2964.0,11.2,2.9,4.45,4.0,5.8,93.0
d9a84e1403de8da0c3aa531d6d108ba6,SP,sao paulo,53,1385.0,7.5,5.7,4.58,3.0,5.7,93.0
8c16d1f32a54d92897cc437244442e1b,SC,blumenau,108,5643.0,10.9,0.9,4.36,8.0,7.4,93.1
33a6f4b1e7cdc205511e76ba1b6e0186,SP,guarulhos,105,10295.0,8.4,1.9,4.41,9.0,8.6,93.1
116ccb1a1604bc88e4d234a8c23f33de,SP,sao bernardo do campo,61,2005.0,8.9,6.6,4.64,2.0,3.3,93.1
5cf13accae3222c70a9cac40818ae839,MG,patos de minas,148,14293.0,10.6,3.4,4.48,11.0,7.4,93.1
080102cd0a76b09e0dcf55fcacc60e05,MG,belo horizonte,122,5613.0,9.8,4.1,4.52,5.0,4.1,93.1
9de4643a8dbde634fe55621059d92273,SC,joinville,72,17560.0,14.6,4.2,4.53,4.0,5.6,93.2
0ea22c1cfbdc755f86b9b54b39c16043,MG,sete lagoas,234,10592.0,11.0,1.7,4.41,14.0,6.0,93.2
b90e891671cffd9557f33a97dc523645,PR,sao jose dos pinhais,34,4449.0,7.6,0.0,4.32,3.0,8.8,93.2
2dee2ce60de9709b1a24083217181a1f,MT,sinop,54,7784.0,14.1,1.9,4.43,3.0,5.6,93.3
0df3984f9dfb3d49ac6366acbd3bbb85,MG,betim,86,9891.0,9.5,1.2,4.38,8.0,9.3,93.3
34d1ca11b242c0fee2c834ae8d788566,MG,congonhas,40,13422.0,13.2,0.0,4.33,2.0,5.0,93.3
9616352088dcf83a7c06637f4ebf1c80,PR,umuarama,91,5643.0,12.3,0.0,4.34,7.0,7.7,93.4
c66dccfb3f109511246da627dd5a2498,SP,registro,44,12183.0,11.3,4.5,4.57,3.0,6.8,93.4
d66c305afaec317ebee552073a674429,MG,ribeirao das neves,38,4127.0,9.8,2.6,4.47,2.0,5.3,93.4
9d4db00d65d7760644ac0c14edb5fd86,SP,sorocaba,97,9846.0,8.0,4.1,4.54,4.0,4.1,93.4
c3cfdc648177fdbbbb35635a37472c53,PR,curitiba,278,43048.0,9.7,2.5,4.47,21.0,7.6,93.4
fde0cc9ea29c8ccfc0a2c22256a58c71,PR,curitiba,35,3922.0,8.7,2.9,4.49,3.0,8.6,93.4
612170e34b97004b3ba37eae81836b4c,RS,novo hamburgo,107,23065.0,10.9,1.9,4.43,8.0,7.5,93.4
0432ead42b6c8a0bdf68154add917fdf,SP,maua,82,7574.0,8.8,3.7,4.54,6.0,7.3,93.5
709e16e2b25c7474d980076c6bfc4806,SP,birigui,60,5152.0,10.5,3.3,4.52,1.0,1.7,93.5
516e7738bd8f735ac19a010ee5450d8d,RJ,rio de janeiro,74,6463.0,8.8,5.4,4.64,2.0,2.7,93.6
6cd68b3ed6d59aaa9fece558ad360c0a,MG,belo horizonte,149,11189.0,10.5,2.0,4.46,5.0,3.4,93.6
6c7d50c24b3ccd2fd83b44d8bb34e073,SP,presidente prudente,112,8446.0,12.2,1.8,4.45,7.0,6.3,93.6
8ae520247981aa06bc94abddf5f46d34,SC,navegantes,65,16321.0,10.9,1.5,4.45,6.0,9.2,93.7
2b3e4a2a3ea8e01938cabda2a3e5cc79,SP,sao paulo,52,23629.0,8.7,0.0,4.37,4.0,7.7,93.7
d1b65fc7debc3361ea86b5f14c68d2e2,SP,mogi guacu,39,11413.0,9.2,5.1,4.64,1.0,2.6,93.8
9d5a9018aee56acb367ba9c3f05d1d6a,GO,aparecida de goiania,66,10120.0,15.0,1.5,4.45,7.0,10.6,93.8
fc906263ca5083d09dce42fe02247800,MG,belo horizonte,112,4418.0,9.4,0.0,4.39,10.0,8.9,93.9
c864036feaab8c1659f65ea4faebe1da,PR,campo largo,58,10454.0,12.3,3.4,4.57,3.0,5.2,94.0
bd4889b5e9133b35b66e42a8665cea5c,SP,sao paulo,36,6272.0,10.2,0.0,4.4,3.0,8.3,94.0
4da0e408c99d2fdc2126dc9fce518060,PR,cornelio procopio,44,3026.0,9.3,0.0,4.41,3.0,6.8,94.1
c68fb906c8f4b4b946d8386bfa6e5467,SP,jaboticabal,45,4541.0,10.9,2.2,4.52,3.0,6.7,94.1
bccf933e006e9b94a6184af782963e77,SP,assis,45,4163.0,11.6,2.2,4.52,3.0,6.7,94.1
7f7b8245c336066a1f9933c359f11d77,SP,mogi mirim,38,2094.0,8.2,2.6,4.55,3.0,7.9,94.2
9baf5cb77970f539089d09a38bcec5c3,SP,indaiatuba,31,5990.0,15.1,0.0,4.42,2.0,6.5,94.2
57e632711dec9ec14ca7546769483e7e,SC,navegantes,62,6350.0,10.8,0.0,4.42,3.0,4.8,94.2
3504c0cb71d7fa48d967e0e4c94d59d9,SP,maua,53,2350.0,7.2,0.0,4.42,2.0,3.8,94.2
2a5b78b41cd05baeac8df54c6606b92c,MG,formiga,46,15554.0,9.0,2.2,4.54,2.0,4.3,94.3
a3dd39f583bc80bd8c5901c95878921e,BA,salvador,34,4608.0,12.3,2.9,4.59,1.0,2.9,94.4
b372ee768ed69e46ca8cdbd267aa7a38,SP,sao jose do rio preto,63,12630.0,12.4,0.0,4.44,6.0,9.5,94.4
325f3178fb58e2a9778334621eecdbf9,SP,taboao da serra,36,982.0,6.4,0.0,4.44,3.0,8.3,94.4
725c32fa80c2faacc4fc88450d27314e,SP,sao paulo,89,7839.0,9.3,1.1,4.52,2.0,2.2,94.6
bf3c6d2a28b2b5501e6c15448982dcc9,SP,sao paulo,35,3957.0,11.7,2.9,4.6,1.0,2.9,94.6
12b9676b00f60f3b700e83af21824c0e,RS,montenegro,133,26376.0,15.0,1.5,4.54,5.0,3.8,94.6
594f9aaa48e5bf431f011ddc5669b0d5,MG,contagem,37,3249.0,7.6,2.7,4.59,1.0,2.7,94.6
a5cba26a62b8b4d0145b68b841e62e7f,PR,campo mourao,53,14439.0,13.1,1.9,4.57,2.0,3.8,94.7
acce39e832338debb07b02385cde5967,MG,contagem,44,4748.0,7.0,0.0,4.48,3.0,6.8,94.8
0ebd97a106433a45a4aebe57c1799778,MG,contagem,31,3047.0,9.4,0.0,4.48,2.0,6.5,94.8
f67efa3f0b6761102a7f8c6b7b571f5d,PR,curitiba,31,5189.0,10.1,0.0,4.48,2.0,6.5,94.8
376a891762bbdecbc02b4b6adec3fdda,GO,goiania,57,6406.0,12.1,3.5,4.67,1.0,1.8,94.9
ac3508719a1d8f5b7614b798f70af136,RS,canoas,101,12446.0,9.3,3.0,4.64,3.0,3.0,94.9
080199a181c46c657dc5aa235411be3b,SP,osasco,79,14504.0,8.0,2.5,4.62,1.0,1.3,94.9
d921b68bf747894be13a97ae52b0f386,MG,formiga,77,15646.0,9.9,1.3,4.56,4.0,5.2,94.9
31561f325664a8a7aba4c8d0c3a9b3db,SP,sao paulo,36,2702.0,7.3,2.8,4.64,1.0,2.8,95.0
289cdb325fb7e7f891c38608bf9e0962,SP,belo horizonte,109,13411.0,6.7,1.8,4.59,6.0,5.5,95.0
744dac408745240a2c2528fb1b6028f3,PR,colombo,78,22323.0,11.0,1.3,4.58,3.0,3.8,95.1
33a17d60c64393351ebf1ef860f4e0f2,RS,porto alegre,43,8152.0,10.5,2.3,4.63,1.0,2.3,95.1
18e694e0e48ed6f7aa3f24aade5fd697,SP,varzea paulista,31,702.0,5.9,3.2,4.68,0.0,0.0,95.2
d566c37fa119d5e66c4e9052e83ee4ea,SP,sao paulo,65,5146.0,5.7,3.1,4.69,2.0,3.1,95.3
b1ac6ea7895bc3dd6f0f6f4abbdd2821,RS,canoas,38,2962.0,10.1,0.0,4.53,1.0,2.6,95.3
e49c26c3edfa46d227d5121a6b6e4d37,PE,brejao,34,3624.0,11.6,0.0,4.56,2.0,5.9,95.6
6df688df543f90e9b38f4319e75a9d88,MG,belo horizonte,39,1892.0,7.9,0.0,4.56,1.0,2.6,95.6
e882b2a25a10b9c057cc49695f222c19,RJ,teresopolis,57,51058.0,9.5,0.0,4.58,3.0,5.3,95.8
6338ea67c41078a46ad99cc009654956,RS,farroupilha,37,2286.0,13.1,0.0,4.6,2.0,5.4,96.0
718539d38d07dd351c76db862760e2e2,SP,campinas,35,1273.0,8.5,0.0,4.63,1.0,2.9,96.3
5a93f3ab0ef4c84ed5e1b5dbf23978bc,SP,monteiro lobato,38,2299.0,15.0,2.6,4.79,1.0,2.6,96.6
02f5837340d7eb4f653d676c7256523a,PR,curitiba,30,3883.0,9.6,3.3,4.83,1.0,3.3,96.7
b410bdd36d5db7a65dcd42b7ead933b8,GO,goiania,42,7369.0,9.1,2.4,4.81,0.0,0.0,96.9
83e197e95a1bbabc8c75e883ed016c47,RJ,mage,46,6574.0,10.5,2.2,4.8,1.0,2.2,97.0
48efc9d94a9834137efd9ea76b065a38,PR,curitiba,33,346.0,10.7,0.0,5.0,0.0,0.0,100.0
